image_url,sound_url,place_country_name,place_admin1_name,place_admin2_name,scientific_name
https://inaturalist-open-data.s3.amazonaws.com/photos/1088121/medium.JPG,,France,Provence-Alpes-Côte d'Azur,Alpes-de-Haute-Provence,Myotis daubentonii
https://inaturalist-open-data.s3.amazonaws.com/photos/1608860/medium.JPG,,France,Picardie,Aisne,Rhinolophus ferrumequinum
https://inaturalist-open-data.s3.amazonaws.com/photos/1608861/medium.JPG,,France,Picardie,Aisne,Plecotus auritus
https://inaturalist-open-data.s3.amazonaws.com/photos/1608862/medium.JPG,,France,Picardie,Aisne,Myotis daubentonii
https://inaturalist-open-data.s3.amazonaws.com/photos/2427084/medium.JPG,,France,Franche-Comté,Jura,Rhinolophus hipposideros
https://inaturalist-open-data.s3.amazonaws.com/photos/2455987/medium.JPG,,France,Provence-Alpes-Côte d'Azur,Bouches-du-Rhône,Pipistrellus pygmaeus
https://inaturalist-open-data.s3.amazonaws.com/photos/2548470/medium.jpg,,France,Rhône-Alpes,Isère,Rhinolophus ferrumequinum
https://inaturalist-open-data.s3.amazonaws.com/photos/2967322/medium.JPG,,France,Corse,Haute-Corse,Rhinolophus hipposideros
https://inaturalist-open-data.s3.amazonaws.com/photos/2967335/medium.JPG,,France,Auvergne,Puy-de-Dôme,Myotis myotis
https://inaturalist-open-data.s3.amazonaws.com/photos/3021830/medium.JPG,,France,Languedoc-Roussillon,Hérault,Rhinolophus hipposideros
https://inaturalist-open-data.s3.amazonaws.com/photos/3024385/medium.JPG,,France,Auvergne,Puy-de-Dôme,Myotis myotis
https://inaturalist-open-data.s3.amazonaws.com/photos/3035923/medium.jpg,,France,Languedoc-Roussillon,Hérault,Nyctalus leisleri
https://inaturalist-open-data.s3.amazonaws.com/photos/4965923/medium.jpeg,,France,Languedoc-Roussillon,Hérault,Rhinolophus
https://inaturalist-open-data.s3.amazonaws.com/photos/5831400/medium.jpeg,,France,Picardie,Aisne,Rhinolophus hipposideros
https://inaturalist-open-data.s3.amazonaws.com/photos/5855741/medium.jpeg,,France,Rhône-Alpes,Isère,Nyctalus leisleri
https://inaturalist-open-data.s3.amazonaws.com/photos/5855740/medium.jpeg,,France,Rhône-Alpes,Isère,Myotis daubentonii
https://inaturalist-open-data.s3.amazonaws.com/photos/5855744/medium.jpeg,,France,Rhône-Alpes,Isère,Plecotus auritus
https://inaturalist-open-data.s3.amazonaws.com/photos/6000514/medium.jpeg,,France,Languedoc-Roussillon,Lozère,Hypsugo savii
https://inaturalist-open-data.s3.amazonaws.com/photos/6263761/medium.jpeg,,France,Languedoc-Roussillon,Hérault,Hypsugo savii
https://static.inaturalist.org/photos/8828290/medium.jpg,,France,Provence-Alpes-Côte d'Azur,Var,Myotis daubentonii
https://static.inaturalist.org/photos/8828340/medium.jpg,,France,Provence-Alpes-Côte d'Azur,Var,Myotis bechsteinii
https://static.inaturalist.org/photos/9197059/medium.jpeg,,France,Bretagne,Ille-et-Vilaine,Plecotus auritus
https://inaturalist-open-data.s3.amazonaws.com/photos/9716449/medium.jpeg,,France,Rhône-Alpes,Isère,Plecotus auritus
https://static.inaturalist.org/photos/9754679/medium.jpg,,France,Rhône-Alpes,Drôme,Rhinolophus hipposideros
https://static.inaturalist.org/photos/11058304/medium.jpg,,France,Lorraine,Vosges,Plecotus austriacus
https://inaturalist-open-data.s3.amazonaws.com/photos/11972112/medium.jpeg,,France,Languedoc-Roussillon,Hérault,Rhinolophus hipposideros
https://inaturalist-open-data.s3.amazonaws.com/photos/11972146/medium.jpeg,,France,Languedoc-Roussillon,Hérault,Rhinolophus ferrumequinum
https://inaturalist-open-data.s3.amazonaws.com/photos/11972145/medium.jpeg,,France,Languedoc-Roussillon,Hérault,Rhinolophus ferrumequinum
https://inaturalist-open-data.s3.amazonaws.com/photos/11974033/medium.jpeg,,France,Languedoc-Roussillon,Hérault,Rhinolophus hipposideros
https://inaturalist-open-data.s3.amazonaws.com/photos/12189007/medium.jpeg,,France,Languedoc-Roussillon,Hérault,Rhinolophus hipposideros
https://inaturalist-open-data.s3.amazonaws.com/photos/12189202/medium.jpeg,,France,Languedoc-Roussillon,Hérault,Rhinolophus ferrumequinum
https://inaturalist-open-data.s3.amazonaws.com/photos/12189192/medium.jpeg,,France,Languedoc-Roussillon,Hérault,Rhinolophus hipposideros
https://inaturalist-open-data.s3.amazonaws.com/photos/12189653/medium.jpeg,,France,Languedoc-Roussillon,Hérault,Plecotus austriacus
https://inaturalist-open-data.s3.amazonaws.com/photos/12555482/medium.jpeg,,France,Pays de la Loire,Sarthe,Myotis nattereri
https://inaturalist-open-data.s3.amazonaws.com/photos/12555499/medium.jpeg,,France,Pays de la Loire,Sarthe,Myotis mystacinus
https://inaturalist-open-data.s3.amazonaws.com/photos/12666729/medium.jpeg,,France,Rhône-Alpes,Haute-Savoie,Barbastella barbastellus
https://inaturalist-open-data.s3.amazonaws.com/photos/12666827/medium.jpeg,,France,Rhône-Alpes,Haute-Savoie,Barbastella barbastellus
https://inaturalist-open-data.s3.amazonaws.com/photos/12666763/medium.jpeg,,France,Rhône-Alpes,Haute-Savoie,Barbastella barbastellus
https://inaturalist-open-data.s3.amazonaws.com/photos/12666884/medium.jpeg,,France,Rhône-Alpes,Haute-Savoie,Barbastella barbastellus
https://inaturalist-open-data.s3.amazonaws.com/photos/12763239/medium.jpeg,,France,Pays de la Loire,Sarthe,Myotis nattereri
https://inaturalist-open-data.s3.amazonaws.com/photos/12766517/medium.jpeg,,France,Languedoc-Roussillon,Gard,Rhinolophus ferrumequinum
https://inaturalist-open-data.s3.amazonaws.com/photos/12766542/medium.jpeg,,France,Languedoc-Roussillon,Gard,Rhinolophus hipposideros
https://inaturalist-open-data.s3.amazonaws.com/photos/12766801/medium.jpeg,,France,Languedoc-Roussillon,Gard,Myotis capaccinii
https://inaturalist-open-data.s3.amazonaws.com/photos/12766807/medium.jpeg,,France,Languedoc-Roussillon,Gard,Myotis capaccinii
https://inaturalist-open-data.s3.amazonaws.com/photos/12767000/medium.jpeg,,France,Languedoc-Roussillon,Hérault,Rhinolophus hipposideros
https://inaturalist-open-data.s3.amazonaws.com/photos/12767045/medium.jpeg,,France,Languedoc-Roussillon,Hérault,Rhinolophus ferrumequinum
https://inaturalist-open-data.s3.amazonaws.com/photos/13239095/medium.jpeg,,France,Pays de la Loire,Maine-et-Loire,Barbastella barbastellus
https://inaturalist-open-data.s3.amazonaws.com/photos/13239233/medium.jpeg,,France,Pays de la Loire,Maine-et-Loire,Myotis emarginatus
https://inaturalist-open-data.s3.amazonaws.com/photos/13239414/medium.jpeg,,France,Pays de la Loire,Maine-et-Loire,Myotis myotis
https://inaturalist-open-data.s3.amazonaws.com/photos/13239456/medium.jpeg,,France,Pays de la Loire,Maine-et-Loire,Myotis emarginatus
https://inaturalist-open-data.s3.amazonaws.com/photos/13275698/medium.jpeg,,France,Pays de la Loire,Maine-et-Loire,Myotis daubentonii
https://inaturalist-open-data.s3.amazonaws.com/photos/13312219/medium.jpeg,,France,Languedoc-Roussillon,Hérault,Plecotus austriacus
https://inaturalist-open-data.s3.amazonaws.com/photos/14814489/medium.jpg,,France,Corse,Corse-du-Sud,Rhinolophus hipposideros
https://inaturalist-open-data.s3.amazonaws.com/photos/14816340/medium.jpg,,France,Corse,Haute-Corse,Rhinolophus hipposideros
https://inaturalist-open-data.s3.amazonaws.com/photos/14816390/medium.jpg,,France,Corse,Haute-Corse,Myotis capaccinii
https://inaturalist-open-data.s3.amazonaws.com/photos/14816427/medium.jpg,,France,Corse,Haute-Corse,Miniopterus schreibersii
https://inaturalist-open-data.s3.amazonaws.com/photos/14816450/medium.jpg,,France,Corse,Haute-Corse,Miniopterus schreibersii
https://inaturalist-open-data.s3.amazonaws.com/photos/14816526/medium.jpg,,France,Corse,Haute-Corse,Miniopterus schreibersii
https://inaturalist-open-data.s3.amazonaws.com/photos/15410094/medium.jpeg,,France,Languedoc-Roussillon,Gard,Rhinolophus hipposideros
https://static.inaturalist.org/photos/16229185/medium.jpg,,France,Rhône-Alpes,Isère,Nyctalus leisleri
https://static.inaturalist.org/photos/17512186/medium.jpg,,France,Rhône-Alpes,Rhône,Vespertilio murinus
https://static.inaturalist.org/photos/21435284/medium.jpeg,,France,Languedoc-Roussillon,Gard,Myotis emarginatus
https://static.inaturalist.org/photos/22524588/medium.jpg,,France,Bourgogne,Saône-et-Loire,Rhinolophus hipposideros
https://inaturalist-open-data.s3.amazonaws.com/photos/22671108/medium.jpeg,,France,Aquitaine,Gironde,Myotis emarginatus
https://static.inaturalist.org/photos/23106836/medium.jpg,,France,Aquitaine,Pyrénées-Atlantiques,Eptesicus serotinus
https://inaturalist-open-data.s3.amazonaws.com/photos/23186571/medium.jpg,,France,Languedoc-Roussillon,Pyrénées-Orientales,Pipistrellus pipistrellus
https://inaturalist-open-data.s3.amazonaws.com/photos/23186616/medium.jpg,,France,Languedoc-Roussillon,Pyrénées-Orientales,Pipistrellus kuhlii
https://inaturalist-open-data.s3.amazonaws.com/photos/23187065/medium.jpg,,France,Languedoc-Roussillon,Pyrénées-Orientales,Myotis mystacinus
https://inaturalist-open-data.s3.amazonaws.com/photos/24143331/medium.jpeg,,France,Languedoc-Roussillon,Hérault,Myotis capaccinii
https://inaturalist-open-data.s3.amazonaws.com/photos/24143710/medium.jpeg,,France,Languedoc-Roussillon,Hérault,Rhinolophus euryale
https://inaturalist-open-data.s3.amazonaws.com/photos/24143870/medium.jpeg,,France,Languedoc-Roussillon,Hérault,Barbastella barbastellus
https://inaturalist-open-data.s3.amazonaws.com/photos/24143960/medium.jpeg,,France,Languedoc-Roussillon,Hérault,Plecotus austriacus
https://inaturalist-open-data.s3.amazonaws.com/photos/24144240/medium.jpeg,,France,Languedoc-Roussillon,Hérault,Myotis emarginatus
https://inaturalist-open-data.s3.amazonaws.com/photos/24144414/medium.jpeg,,France,Languedoc-Roussillon,Hérault,Myotis emarginatus
https://inaturalist-open-data.s3.amazonaws.com/photos/24144302/medium.jpeg,,France,Languedoc-Roussillon,Hérault,Rhinolophus euryale
https://inaturalist-open-data.s3.amazonaws.com/photos/24144513/medium.jpeg,,France,Languedoc-Roussillon,Hérault,Myotis daubentonii
https://inaturalist-open-data.s3.amazonaws.com/photos/24144524/medium.jpeg,,France,Languedoc-Roussillon,Hérault,Myotis daubentonii
https://inaturalist-open-data.s3.amazonaws.com/photos/24144573/medium.jpeg,,France,Languedoc-Roussillon,Hérault,Myotis daubentonii
https://inaturalist-open-data.s3.amazonaws.com/photos/24144547/medium.jpeg,,France,Languedoc-Roussillon,Hérault,Myotis emarginatus
https://static.inaturalist.org/photos/24580426/medium.jpg,,France,Auvergne,Cantal,Rhinolophus hipposideros
https://static.inaturalist.org/photos/25266932/medium.jpg,,France,Provence-Alpes-Côte d'Azur,Alpes-Maritimes,Pipistrellus pipistrellus
https://inaturalist-open-data.s3.amazonaws.com/photos/25809414/medium.jpeg,,France,Languedoc-Roussillon,Lozère,Myotis myotis
https://inaturalist-open-data.s3.amazonaws.com/photos/26219459/medium.jpg,,France,Limousin,Creuse,Myotis bechsteinii
https://inaturalist-open-data.s3.amazonaws.com/photos/26735962/medium.jpeg,,France,Champagne-Ardenne,Ardennes,Nyctalus leisleri
https://static.inaturalist.org/photos/29627267/medium.jpg,,France,Centre,Cher,Myotis emarginatus
https://inaturalist-open-data.s3.amazonaws.com/photos/30741482/medium.jpeg,,France,Pays de la Loire,Loire-Atlantique,Plecotus austriacus
https://inaturalist-open-data.s3.amazonaws.com/photos/30976553/medium.jpeg,,France,Pays de la Loire,Loire-Atlantique,Myotis mystacinus
https://inaturalist-open-data.s3.amazonaws.com/photos/33285090/medium.jpeg,,France,Haute-Normandie,Eure,Pipistrellus pipistrellus
https://inaturalist-open-data.s3.amazonaws.com/photos/33370683/medium.jpg,,France,Languedoc-Roussillon,Lozère,Rhinolophus ferrumequinum
https://inaturalist-open-data.s3.amazonaws.com/photos/33951335/medium.jpeg,,France,Corse,Haute-Corse,Plecotus macrobullaris
https://static.inaturalist.org/photos/34039128/medium.jpg,,France,Picardie,Somme,Plecotus auritus
https://static.inaturalist.org/photos/34570688/medium.jpg,,France,Bourgogne,Yonne,Myotis emarginatus
https://inaturalist-open-data.s3.amazonaws.com/photos/37521243/medium.jpeg,,France,Bourgogne,Yonne,Rhinolophus hipposideros
https://inaturalist-open-data.s3.amazonaws.com/photos/37888440/medium.jpeg,,France,Franche-Comté,Jura,Rhinolophus hipposideros
https://inaturalist-open-data.s3.amazonaws.com/photos/37888652/medium.jpeg,,France,Bourgogne,Yonne,Myotis myotis
https://inaturalist-open-data.s3.amazonaws.com/photos/40853801/medium.jpeg,,France,Midi-Pyrénées,Haute-Garonne,Rhinolophus hipposideros
https://inaturalist-open-data.s3.amazonaws.com/photos/40853807/medium.jpeg,,France,Midi-Pyrénées,Ariège,Plecotus austriacus
https://inaturalist-open-data.s3.amazonaws.com/photos/41413921/medium.jpeg,,France,Midi-Pyrénées,Gers,Rhinolophus hipposideros
https://inaturalist-open-data.s3.amazonaws.com/photos/41863698/medium.jpeg,,France,Lorraine,Meurthe-et-Moselle,Eptesicus serotinus
https://inaturalist-open-data.s3.amazonaws.com/photos/42208951/medium.jpeg,,France,Lorraine,Meurthe-et-Moselle,Eptesicus serotinus
https://inaturalist-open-data.s3.amazonaws.com/photos/44504608/medium.jpeg,,France,Pays de la Loire,Maine-et-Loire,Myotis emarginatus
https://static.inaturalist.org/photos/44695774/medium.jpg,,France,Nord-Pas-de-Calais,Nord,Pipistrellus pipistrellus
https://static.inaturalist.org/photos/44695902/medium.jpg,,France,Nord-Pas-de-Calais,Nord,Myotis nattereri
https://static.inaturalist.org/photos/45222186/medium.jpeg,,France,Haute-Normandie,Seine-Maritime,Myotis daubentonii
https://inaturalist-open-data.s3.amazonaws.com/photos/45776296/medium.jpeg,,France,Centre,Indre-et-Loire,Myotis emarginatus
https://static.inaturalist.org/photos/45895895/medium.jpeg,,France,Lorraine,Moselle,Myotis myotis
https://static.inaturalist.org/photos/46143097/medium.jpg,,France,Midi-Pyrénées,Aveyron,Myotis emarginatus
https://inaturalist-open-data.s3.amazonaws.com/photos/46711020/medium.jpeg,,France,Pays de la Loire,Loire-Atlantique,Rhinolophus ferrumequinum
https://inaturalist-open-data.s3.amazonaws.com/photos/47131756/medium.jpg,,France,Corse,Corse-du-Sud,Hypsugo savii
https://inaturalist-open-data.s3.amazonaws.com/photos/47821468/medium.jpeg,,France,Pays de la Loire,Sarthe,Myotis emarginatus
https://static.inaturalist.org/photos/48590800/medium.jpg,,France,Franche-Comté,Haute-Saône,Pipistrellus
https://inaturalist-open-data.s3.amazonaws.com/photos/49034350/medium.jpeg,,France,Pays de la Loire,Maine-et-Loire,Myotis emarginatus
https://inaturalist-open-data.s3.amazonaws.com/photos/49174663/medium.jpeg,,France,Corse,Haute-Corse,Hypsugo savii
https://static.inaturalist.org/photos/49369611/medium.jpeg,,France,Centre,Indre-et-Loire,Plecotus auritus
https://inaturalist-open-data.s3.amazonaws.com/photos/49661282/medium.jpg,,France,Aquitaine,Dordogne,Rhinolophus ferrumequinum
https://inaturalist-open-data.s3.amazonaws.com/photos/50319726/medium.jpg,,France,Rhône-Alpes,Ain,Rhinolophus hipposideros
https://static.inaturalist.org/photos/50332162/medium.jpg,,France,Rhône-Alpes,Ain,Rhinolophus ferrumequinum
https://static.inaturalist.org/photos/50332264/medium.jpg,,France,Rhône-Alpes,Ain,Rhinolophus hipposideros
https://static.inaturalist.org/photos/50914062/medium.jpeg,,France,Pays de la Loire,Vendée,Plecotus auritus
https://inaturalist-open-data.s3.amazonaws.com/photos/51443424/medium.jpeg,,France,Bretagne,Ille-et-Vilaine,Rhinolophus
https://static.inaturalist.org/photos/51613241/medium.jpeg,,France,Midi-Pyrénées,Aveyron,Barbastella barbastellus
https://static.inaturalist.org/photos/51613322/medium.jpeg,,France,Midi-Pyrénées,Aveyron,Barbastella barbastellus
https://inaturalist-open-data.s3.amazonaws.com/photos/51623351/medium.jpeg,,France,Rhône-Alpes,Isère,Barbastella barbastellus
https://static.inaturalist.org/photos/52532766/medium.jpg,,France,Aquitaine,Dordogne,Rhinolophus hipposideros
https://static.inaturalist.org/photos/52157481/medium.jpeg,,France,Bourgogne,Côte-d'Or,Rhinolophus ferrumequinum
https://inaturalist-open-data.s3.amazonaws.com/photos/52456116/medium.jpg,,France,Île-de-France,Yvelines,Plecotus auritus
https://static.inaturalist.org/photos/53866721/medium.jpeg,,France,Languedoc-Roussillon,Gard,Barbastella barbastellus
https://inaturalist-open-data.s3.amazonaws.com/photos/55836112/medium.jpg,,France,Languedoc-Roussillon,Gard,Myotis emarginatus
https://inaturalist-open-data.s3.amazonaws.com/photos/55909596/medium.jpg,,France,Provence-Alpes-Côte d'Azur,Bouches-du-Rhône,Pipistrellus pygmaeus
https://inaturalist-open-data.s3.amazonaws.com/photos/56597723/medium.jpeg,,France,Champagne-Ardenne,Aube,Plecotus auritus
https://static.inaturalist.org/photos/57341321/medium.jpeg,,France,Franche-Comté,Jura,Rhinolophus hipposideros
https://static.inaturalist.org/photos/57341343/medium.jpeg,,France,Franche-Comté,Jura,Rhinolophus ferrumequinum
https://static.inaturalist.org/photos/57341440/medium.jpeg,,France,Franche-Comté,Jura,Rhinolophus hipposideros
https://static.inaturalist.org/photos/57341479/medium.jpeg,,France,Franche-Comté,Jura,Myotis myotis
https://static.inaturalist.org/photos/57463298/medium.jpeg,,France,Franche-Comté,Jura,Rhinolophus ferrumequinum
https://static.inaturalist.org/photos/57662448/medium.jpg,,France,Pays de la Loire,Maine-et-Loire,Myotis emarginatus
https://inaturalist-open-data.s3.amazonaws.com/photos/57821354/medium.jpeg,,France,Rhône-Alpes,Haute-Savoie,Myotis emarginatus
https://inaturalist-open-data.s3.amazonaws.com/photos/58054716/medium.jpeg,,France,Aquitaine,Dordogne,Eptesicus serotinus
https://inaturalist-open-data.s3.amazonaws.com/photos/58522024/medium.jpeg,,France,Île-de-France,Val-d'Oise,Rhinolophus ferrumequinum
https://inaturalist-open-data.s3.amazonaws.com/photos/58570090/medium.jpeg,,France,Languedoc-Roussillon,Hérault,Rhinolophus hipposideros
https://inaturalist-open-data.s3.amazonaws.com/photos/58591766/medium.jpeg,,France,Rhône-Alpes,Savoie,Rhinolophus ferrumequinum
https://inaturalist-open-data.s3.amazonaws.com/photos/58742890/medium.jpeg,,France,Languedoc-Roussillon,Gard,Rhinolophus hipposideros
https://inaturalist-open-data.s3.amazonaws.com/photos/58744955/medium.jpeg,,France,Languedoc-Roussillon,Hérault,Rhinolophus ferrumequinum
https://inaturalist-open-data.s3.amazonaws.com/photos/58763285/medium.jpeg,,France,Languedoc-Roussillon,Hérault,Rhinolophus hipposideros
https://inaturalist-open-data.s3.amazonaws.com/photos/58763457/medium.jpeg,,France,Languedoc-Roussillon,Hérault,Myotis emarginatus
https://inaturalist-open-data.s3.amazonaws.com/photos/58763467/medium.jpeg,,France,Languedoc-Roussillon,Hérault,Myotis emarginatus
https://inaturalist-open-data.s3.amazonaws.com/photos/59894727/medium.jpeg,,France,Midi-Pyrénées,Aveyron,Myotis daubentonii
https://inaturalist-open-data.s3.amazonaws.com/photos/59894738/medium.jpeg,,France,Midi-Pyrénées,Aveyron,Rhinolophus hipposideros
https://inaturalist-open-data.s3.amazonaws.com/photos/59894821/medium.jpeg,,France,Bourgogne,Yonne,Myotis bechsteinii
https://inaturalist-open-data.s3.amazonaws.com/photos/60121260/medium.jpeg,,France,Midi-Pyrénées,Hautes-Pyrénées,Rhinolophus
https://inaturalist-open-data.s3.amazonaws.com/photos/60316793/medium.jpeg,,France,Picardie,Aisne,Pipistrellus pipistrellus
https://static.inaturalist.org/photos/60368956/medium.jpeg,,France,Franche-Comté,Jura,Myotis emarginatus
https://inaturalist-open-data.s3.amazonaws.com/photos/60544471/medium.jpeg,,France,Picardie,Aisne,Myotis myotis
https://inaturalist-open-data.s3.amazonaws.com/photos/60545965/medium.jpeg,,France,Picardie,Aisne,Myotis daubentonii
https://inaturalist-open-data.s3.amazonaws.com/photos/60545979/medium.jpeg,,France,Picardie,Aisne,Myotis nattereri
https://inaturalist-open-data.s3.amazonaws.com/photos/60546303/medium.jpeg,,France,Picardie,Aisne,Plecotus auritus
https://static.inaturalist.org/photos/60771663/medium.jpeg,,France,Champagne-Ardenne,Aube,Myotis myotis
https://inaturalist-open-data.s3.amazonaws.com/photos/61387119/medium.jpeg,,France,Rhône-Alpes,Drôme,Pipistrellus pipistrellus
https://inaturalist-open-data.s3.amazonaws.com/photos/61491854/medium.jpeg,,France,Champagne-Ardenne,Marne,Myotis bechsteinii
https://inaturalist-open-data.s3.amazonaws.com/photos/61640120/medium.jpeg,,France,Champagne-Ardenne,Marne,Barbastella barbastellus
https://static.inaturalist.org/photos/61640190/medium.jpeg,,France,Champagne-Ardenne,Marne,Barbastella barbastellus
https://inaturalist-open-data.s3.amazonaws.com/photos/61640196/medium.jpeg,,France,Champagne-Ardenne,Marne,Eptesicus serotinus
https://static.inaturalist.org/photos/61721564/medium.jpg,,France,Champagne-Ardenne,Marne,Eptesicus serotinus
https://static.inaturalist.org/photos/61721212/medium.jpeg,,France,Champagne-Ardenne,Marne,Myotis bechsteinii
https://static.inaturalist.org/photos/63554304/medium.jpeg,,France,Picardie,Aisne,Myotis nattereri
https://inaturalist-open-data.s3.amazonaws.com/photos/61759463/medium.jpeg,,France,Picardie,Aisne,Myotis nattereri
https://static.inaturalist.org/photos/61761505/medium.jpeg,,France,Auvergne,Haute-Loire,Rhinolophus hipposideros
https://static.inaturalist.org/photos/61820579/medium.jpeg,,France,Basse-Normandie,Calvados,Rhinolophus ferrumequinum
https://inaturalist-open-data.s3.amazonaws.com/photos/61888136/medium.jpeg,,France,Midi-Pyrénées,Aveyron,Rhinolophus ferrumequinum
https://inaturalist-open-data.s3.amazonaws.com/photos/61888141/medium.jpeg,,France,Midi-Pyrénées,Aveyron,Rhinolophus hipposideros
https://inaturalist-open-data.s3.amazonaws.com/photos/61888152/medium.jpeg,,France,Midi-Pyrénées,Aveyron,Rhinolophus ferrumequinum
https://inaturalist-open-data.s3.amazonaws.com/photos/61888472/medium.jpeg,,France,Picardie,Aisne,Myotis emarginatus
https://inaturalist-open-data.s3.amazonaws.com/photos/61888476/medium.jpeg,,France,Picardie,Aisne,Myotis nattereri
https://static.inaturalist.org/photos/61900248/medium.jpg,,France,Centre,Loiret,Barbastella barbastellus
https://static.inaturalist.org/photos/61900349/medium.jpeg,,France,Centre,Loiret,Myotis mystacinus
https://static.inaturalist.org/photos/61900415/medium.jpeg,,France,Centre,Loiret,Myotis bechsteinii
https://inaturalist-open-data.s3.amazonaws.com/photos/98498319/medium.jpeg,,France,Île-de-France,Yvelines,Myotis myotis
https://inaturalist-open-data.s3.amazonaws.com/photos/62106199/medium.jpeg,,France,Champagne-Ardenne,Marne,Eptesicus serotinus
https://inaturalist-open-data.s3.amazonaws.com/photos/62106222/medium.jpeg,,France,Champagne-Ardenne,Marne,Barbastella barbastellus
https://inaturalist-open-data.s3.amazonaws.com/photos/62171305/medium.jpeg,,France,Île-de-France,Seine-et-Marne,Rhinolophus hipposideros
https://inaturalist-open-data.s3.amazonaws.com/photos/62430315/medium.jpg,,France,Champagne-Ardenne,Marne,Myotis nattereri
https://inaturalist-open-data.s3.amazonaws.com/photos/62430323/medium.jpg,,France,Picardie,Aisne,Myotis nattereri
https://static.inaturalist.org/photos/62796063/medium.jpg,,France,Poitou-Charentes,Charente-Maritime,Myotis mystacinus
https://inaturalist-open-data.s3.amazonaws.com/photos/63412610/medium.jpeg,,France,Languedoc-Roussillon,Hérault,Rhinolophus ferrumequinum
https://inaturalist-open-data.s3.amazonaws.com/photos/63412653/medium.jpeg,,France,Languedoc-Roussillon,Hérault,Rhinolophus euryale
https://inaturalist-open-data.s3.amazonaws.com/photos/65364473/medium.jpeg,,France,Languedoc-Roussillon,Hérault,Myotis nattereri
https://inaturalist-open-data.s3.amazonaws.com/photos/65364560/medium.jpeg,,France,Languedoc-Roussillon,Hérault,Rhinolophus euryale
https://inaturalist-open-data.s3.amazonaws.com/photos/65580140/medium.jpeg,,France,Languedoc-Roussillon,Hérault,Myotis nattereri
https://inaturalist-open-data.s3.amazonaws.com/photos/65580333/medium.jpeg,,France,Languedoc-Roussillon,Pyrénées-Orientales,Plecotus auritus
https://inaturalist-open-data.s3.amazonaws.com/photos/65600224/medium.jpeg,,France,Corse,Haute-Corse,Rhinolophus ferrumequinum
https://inaturalist-open-data.s3.amazonaws.com/photos/65758351/medium.jpeg,,France,Languedoc-Roussillon,Hérault,Nyctalus leisleri
https://inaturalist-open-data.s3.amazonaws.com/photos/66499435/medium.jpg,,France,Champagne-Ardenne,Marne,Plecotus
https://inaturalist-open-data.s3.amazonaws.com/photos/66499466/medium.jpg,,France,Champagne-Ardenne,Marne,Rhinolophus hipposideros
https://inaturalist-open-data.s3.amazonaws.com/photos/66499510/medium.jpg,,France,Champagne-Ardenne,Marne,Myotis myotis
https://inaturalist-open-data.s3.amazonaws.com/photos/66499547/medium.jpg,,France,Champagne-Ardenne,Marne,Myotis bechsteinii
https://inaturalist-open-data.s3.amazonaws.com/photos/67183728/medium.jpg,,France,Rhône-Alpes,Isère,Plecotus auritus
https://inaturalist-open-data.s3.amazonaws.com/photos/67184678/medium.jpg,,France,Rhône-Alpes,Isère,Plecotus macrobullaris
https://inaturalist-open-data.s3.amazonaws.com/photos/67283319/medium.jpeg,,France,Rhône-Alpes,Ain,Barbastella barbastellus
https://inaturalist-open-data.s3.amazonaws.com/photos/67294458/medium.jpg,,France,Champagne-Ardenne,Haute-Marne,Rhinolophus hipposideros
https://inaturalist-open-data.s3.amazonaws.com/photos/67566088/medium.jpeg,,France,Languedoc-Roussillon,Hérault,Rhinolophus euryale
https://inaturalist-open-data.s3.amazonaws.com/photos/67566115/medium.jpeg,,France,Languedoc-Roussillon,Hérault,Rhinolophus ferrumequinum
https://static.inaturalist.org/photos/67583996/medium.jpeg,,France,Bourgogne,Côte-d'Or,Rhinolophus hipposideros
https://static.inaturalist.org/photos/67584016/medium.jpeg,,France,Champagne-Ardenne,Haute-Marne,Rhinolophus hipposideros
https://static.inaturalist.org/photos/67584034/medium.jpeg,,France,Champagne-Ardenne,Haute-Marne,Myotis emarginatus
https://static.inaturalist.org/photos/67584060/medium.jpeg,,France,Bourgogne,Côte-d'Or,Rhinolophus ferrumequinum
https://static.inaturalist.org/photos/67584384/medium.jpeg,,France,Champagne-Ardenne,Haute-Marne,Myotis emarginatus
https://static.inaturalist.org/photos/67584399/medium.jpeg,,France,Champagne-Ardenne,Haute-Marne,Myotis myotis
https://inaturalist-open-data.s3.amazonaws.com/photos/68386049/medium.jpg,,France,Rhône-Alpes,Ain,Plecotus macrobullaris
https://inaturalist-open-data.s3.amazonaws.com/photos/68702648/medium.jpeg,,France,Languedoc-Roussillon,Hérault,Rhinolophus ferrumequinum
https://inaturalist-open-data.s3.amazonaws.com/photos/68702902/medium.jpeg,,France,Languedoc-Roussillon,Hérault,Rhinolophus euryale
https://inaturalist-open-data.s3.amazonaws.com/photos/68856384/medium.jpeg,,France,Rhône-Alpes,Loire,Barbastella barbastellus
https://inaturalist-open-data.s3.amazonaws.com/photos/69182208/medium.jpg,,France,Languedoc-Roussillon,Aude,Pipistrellus pygmaeus
https://inaturalist-open-data.s3.amazonaws.com/photos/70667656/medium.jpeg,,France,Languedoc-Roussillon,Hérault,Eptesicus serotinus
https://inaturalist-open-data.s3.amazonaws.com/photos/70667896/medium.jpeg,,France,Languedoc-Roussillon,Hérault,Rhinolophus ferrumequinum
https://inaturalist-open-data.s3.amazonaws.com/photos/70667914/medium.jpeg,,France,Languedoc-Roussillon,Hérault,Rhinolophus euryale
https://inaturalist-open-data.s3.amazonaws.com/photos/70668095/medium.jpeg,,France,Languedoc-Roussillon,Hérault,Myotis daubentonii
https://inaturalist-open-data.s3.amazonaws.com/photos/70668109/medium.jpeg,,France,Languedoc-Roussillon,Hérault,Myotis emarginatus
https://static.inaturalist.org/photos/70741061/medium.jpeg,,France,Île-de-France,Val-d'Oise,Rhinolophus ferrumequinum
https://static.inaturalist.org/photos/70886938/medium.jpeg,,France,Centre,Loiret,Eptesicus serotinus
https://static.inaturalist.org/photos/71814749/medium.jpeg,,France,Franche-Comté,Jura,Rhinolophus hipposideros
https://inaturalist-open-data.s3.amazonaws.com/photos/72335404/medium.jpeg,,France,Languedoc-Roussillon,Hérault,Myotis blythii
https://inaturalist-open-data.s3.amazonaws.com/photos/72804354/medium.jpg,https://static.inaturalist.org/sounds/88463.wav?1589487040,France,Bretagne,Finistère,Barbastella barbastellus
https://inaturalist-open-data.s3.amazonaws.com/photos/72804832/medium.jpg,https://static.inaturalist.org/sounds/88466.wav?1589487242,France,Bretagne,Finistère,Rhinolophus ferrumequinum
https://inaturalist-open-data.s3.amazonaws.com/photos/72805259/medium.jpg,https://static.inaturalist.org/sounds/88469.wav?1589487394,France,Bretagne,Finistère,Pipistrellus pipistrellus
https://inaturalist-open-data.s3.amazonaws.com/photos/73415105/medium.jpg,,France,Pays de la Loire,Vendée,Rhinolophus hipposideros
https://static.inaturalist.org/photos/73538367/medium.jpeg,,France,Midi-Pyrénées,Lot,Plecotus auritus
https://inaturalist-open-data.s3.amazonaws.com/photos/73797389/medium.png,,France,Picardie,Aisne,Rhinolophus hipposideros
https://inaturalist-open-data.s3.amazonaws.com/photos/73797586/medium.png,,France,Picardie,Aisne,Rhinolophus ferrumequinum
https://inaturalist-open-data.s3.amazonaws.com/photos/73797984/medium.png,,France,Picardie,Aisne,Plecotus auritus
https://static.inaturalist.org/photos/73954913/medium.jpeg,,France,Rhône-Alpes,Haute-Savoie,Plecotus austriacus
https://static.inaturalist.org/photos/74103894/medium.jpg,,France,Aquitaine,Pyrénées-Atlantiques,Myotis emarginatus
https://inaturalist-open-data.s3.amazonaws.com/photos/75562096/medium.jpeg,,France,Poitou-Charentes,Charente-Maritime,Plecotus auritus
https://inaturalist-open-data.s3.amazonaws.com/photos/75563466/medium.jpg,,France,Poitou-Charentes,Charente-Maritime,Pipistrellus kuhlii
https://inaturalist-open-data.s3.amazonaws.com/photos/75732775/medium.jpeg,,France,Languedoc-Roussillon,Gard,Myotis emarginatus
https://inaturalist-open-data.s3.amazonaws.com/photos/76299436/medium.jpeg,,France,Languedoc-Roussillon,Hérault,Rhinolophus ferrumequinum
https://inaturalist-open-data.s3.amazonaws.com/photos/76299456/medium.jpeg,,France,Languedoc-Roussillon,Hérault,Rhinolophus euryale
https://inaturalist-open-data.s3.amazonaws.com/photos/76387456/medium.jpg,,France,Centre,Indre-et-Loire,Rhinolophus ferrumequinum
https://inaturalist-open-data.s3.amazonaws.com/photos/76387485/medium.jpg,,France,Centre,Indre-et-Loire,Rhinolophus ferrumequinum
https://inaturalist-open-data.s3.amazonaws.com/photos/76387515/medium.jpg,,France,Centre,Indre-et-Loire,Rhinolophus hipposideros
https://inaturalist-open-data.s3.amazonaws.com/photos/76763493/medium.jpg,,France,Basse-Normandie,Calvados,Rhinolophus ferrumequinum
https://static.inaturalist.org/photos/78036098/medium.jpeg,,France,Bretagne,Finistère,Rhinolophus ferrumequinum
https://inaturalist-open-data.s3.amazonaws.com/photos/78353893/medium.jpeg,,France,Languedoc-Roussillon,Lozère,Myotis blythii
https://inaturalist-open-data.s3.amazonaws.com/photos/78555971/medium.jpeg,,France,Rhône-Alpes,Ardèche,Myotis emarginatus
https://inaturalist-open-data.s3.amazonaws.com/photos/79096362/medium.jpeg,,France,Aquitaine,Gironde,Myotis emarginatus
https://static.inaturalist.org/photos/80074303/medium.jpg,,France,Aquitaine,Gironde,Myotis emarginatus
https://inaturalist-open-data.s3.amazonaws.com/photos/83578697/medium.jpeg,,France,Aquitaine,Dordogne,Myotis emarginatus
https://inaturalist-open-data.s3.amazonaws.com/photos/83982551/medium.jpeg,,France,Languedoc-Roussillon,Hérault,Rhinolophus hipposideros
https://static.inaturalist.org/photos/84678225/medium.jpeg,,France,Bourgogne,Yonne,Rhinolophus hipposideros
https://inaturalist-open-data.s3.amazonaws.com/photos/85602992/medium.jpg,,France,Auvergne,Puy-de-Dôme,Rhinolophus hipposideros
https://static.inaturalist.org/photos/85721536/medium.jpg,,France,Poitou-Charentes,Charente,Barbastella barbastellus
https://static.inaturalist.org/photos/85837017/medium.jpeg,,France,Bourgogne,Côte-d'Or,Rhinolophus hipposideros
https://inaturalist-open-data.s3.amazonaws.com/photos/86997611/medium.jpeg,,France,Corse,Corse-du-Sud,Plecotus macrobullaris
https://inaturalist-open-data.s3.amazonaws.com/photos/87170923/medium.jpeg,,France,Corse,Haute-Corse,Plecotus austriacus
https://inaturalist-open-data.s3.amazonaws.com/photos/87171002/medium.jpeg,,France,Corse,Corse-du-Sud,Pipistrellus pipistrellus
https://inaturalist-open-data.s3.amazonaws.com/photos/87171041/medium.jpeg,,France,Corse,Corse-du-Sud,Nyctalus leisleri
https://inaturalist-open-data.s3.amazonaws.com/photos/87171098/medium.jpeg,,France,Corse,Corse-du-Sud,Plecotus macrobullaris
https://inaturalist-open-data.s3.amazonaws.com/photos/87171119/medium.jpeg,,France,Corse,Corse-du-Sud,Barbastella barbastellus
https://inaturalist-open-data.s3.amazonaws.com/photos/87171241/medium.jpeg,,France,Corse,Corse-du-Sud,Hypsugo savii
https://inaturalist-open-data.s3.amazonaws.com/photos/87171257/medium.jpeg,,France,Corse,Corse-du-Sud,Myotis nattereri
https://inaturalist-open-data.s3.amazonaws.com/photos/87171292/medium.jpeg,,France,Corse,Corse-du-Sud,Nyctalus leisleri
https://inaturalist-open-data.s3.amazonaws.com/photos/87171339/medium.jpeg,,France,Corse,Haute-Corse,Plecotus macrobullaris
https://inaturalist-open-data.s3.amazonaws.com/photos/87171385/medium.jpeg,,France,Corse,Haute-Corse,Myotis punicus
https://inaturalist-open-data.s3.amazonaws.com/photos/87171451/medium.jpeg,,France,Corse,Corse-du-Sud,Myotis emarginatus
https://inaturalist-open-data.s3.amazonaws.com/photos/87171940/medium.jpeg,,France,Corse,Corse-du-Sud,Rhinolophus ferrumequinum
https://inaturalist-open-data.s3.amazonaws.com/photos/87172075/medium.jpeg,,France,Corse,Haute-Corse,Barbastella barbastellus
https://inaturalist-open-data.s3.amazonaws.com/photos/87172122/medium.jpeg,,France,Corse,Haute-Corse,Myotis bechsteinii
https://static.inaturalist.org/photos/88069314/medium.jpeg,,France,Rhône-Alpes,Isère,Pipistrellus
https://inaturalist-open-data.s3.amazonaws.com/photos/88174357/medium.jpeg,,France,Centre,Loiret,Pipistrellus
https://static.inaturalist.org/photos/88191453/medium.jpg,,France,Poitou-Charentes,Vienne,Barbastella barbastellus
https://inaturalist-open-data.s3.amazonaws.com/photos/88366000/medium.jpeg,,France,Provence-Alpes-Côte d'Azur,Bouches-du-Rhône,Eptesicus serotinus
https://inaturalist-open-data.s3.amazonaws.com/photos/88527564/medium.jpeg,,France,Rhône-Alpes,Ardèche,Rhinolophus
https://inaturalist-open-data.s3.amazonaws.com/photos/88544849/medium.jpeg,,France,Languedoc-Roussillon,Gard,Rhinolophus
https://inaturalist-open-data.s3.amazonaws.com/photos/89880760/medium.jpeg,,France,Languedoc-Roussillon,Gard,Rhinolophus euryale
https://inaturalist-open-data.s3.amazonaws.com/photos/89880831/medium.jpeg,,France,Languedoc-Roussillon,Gard,Myotis capaccinii
https://inaturalist-open-data.s3.amazonaws.com/photos/89880852/medium.jpeg,,France,Languedoc-Roussillon,Gard,Miniopterus schreibersii
https://static.inaturalist.org/photos/90792851/medium.jpg,,France,Aquitaine,Dordogne,Hypsugo savii
https://static.inaturalist.org/photos/90913150/medium.jpeg,,France,Franche-Comté,Doubs,Rhinolophus
https://inaturalist-open-data.s3.amazonaws.com/photos/91227719/medium.jpeg,,France,Lorraine,Vosges,Plecotus
https://static.inaturalist.org/photos/91241419/medium.jpg,,France,Corse,Haute-Corse,Myotis emarginatus
https://inaturalist-open-data.s3.amazonaws.com/photos/91259588/medium.jpg,,France,Rhône-Alpes,Haute-Savoie,Myotis mystacinus
https://static.inaturalist.org/photos/92206044/medium.jpeg,,France,Aquitaine,Dordogne,Hypsugo savii
https://inaturalist-open-data.s3.amazonaws.com/photos/95990389/medium.jpg,,France,Midi-Pyrénées,Tarn-et-Garonne,Rhinolophus hipposideros
,https://static.inaturalist.org/sounds/136558.wav?1600251236,France,Franche-Comté,Territoire de Belfort,Pipistrellus pipistrellus
https://inaturalist-open-data.s3.amazonaws.com/photos/98507054/medium.jpeg,,France,Franche-Comté,Doubs,Rhinolophus ferrumequinum
https://inaturalist-open-data.s3.amazonaws.com/photos/98707024/medium.jpeg,,France,Languedoc-Roussillon,Hérault,Myotis daubentonii
https://inaturalist-open-data.s3.amazonaws.com/photos/99968341/medium.jpg,https://static.inaturalist.org/sounds/142233.wav?1602512183,France,Languedoc-Roussillon,Hérault,Pipistrellus pipistrellus
https://inaturalist-open-data.s3.amazonaws.com/photos/100627549/medium.jpg,,France,Poitou-Charentes,Charente-Maritime,Rhinolophus hipposideros
https://inaturalist-open-data.s3.amazonaws.com/photos/101069271/medium.jpeg,,France,Corse,Haute-Corse,Rhinolophus hipposideros
https://inaturalist-open-data.s3.amazonaws.com/photos/101583112/medium.jpg,https://static.inaturalist.org/sounds/144642.wav?1603453813,France,Languedoc-Roussillon,Hérault,Pipistrellus pygmaeus
https://inaturalist-open-data.s3.amazonaws.com/photos/101624829/medium.jpg,,France,Rhône-Alpes,Ardèche,Rhinolophus ferrumequinum
https://inaturalist-open-data.s3.amazonaws.com/photos/102019501/medium.jpeg,,France,Auvergne,Allier,Pipistrellus
https://inaturalist-open-data.s3.amazonaws.com/photos/102588220/medium.jpg,,France,Midi-Pyrénées,Haute-Garonne,Plecotus
https://inaturalist-open-data.s3.amazonaws.com/photos/102769290/medium.jpg,https://static.inaturalist.org/sounds/146386.wav?1604252936,France,Midi-Pyrénées,Tarn,Pipistrellus pipistrellus
https://inaturalist-open-data.s3.amazonaws.com/photos/103273880/medium.jpeg,,France,Languedoc-Roussillon,Hérault,Myotis blythii
https://inaturalist-open-data.s3.amazonaws.com/photos/103273915/medium.jpeg,,France,Languedoc-Roussillon,Hérault,Miniopterus schreibersii
https://inaturalist-open-data.s3.amazonaws.com/photos/104378169/medium.jpeg,,France,Languedoc-Roussillon,Hérault,Myotis myotis
https://inaturalist-open-data.s3.amazonaws.com/photos/104449691/medium.jpg,,France,Poitou-Charentes,Charente-Maritime,Rhinolophus hipposideros
https://inaturalist-open-data.s3.amazonaws.com/photos/104449889/medium.jpeg,,France,Languedoc-Roussillon,Aude,Rhinolophus hipposideros
https://static.inaturalist.org/photos/106676999/medium.jpeg,,France,Aquitaine,Gironde,Myotis emarginatus
https://static.inaturalist.org/photos/106677221/medium.jpeg,,France,Aquitaine,Gironde,Miniopterus schreibersii
https://inaturalist-open-data.s3.amazonaws.com/photos/106748379/medium.jpeg,,France,Languedoc-Roussillon,Hérault,Rhinolophus hipposideros
https://inaturalist-open-data.s3.amazonaws.com/photos/107695014/medium.jpg,,France,Provence-Alpes-Côte d'Azur,Alpes-Maritimes,Rhinolophus ferrumequinum
https://inaturalist-open-data.s3.amazonaws.com/photos/107695490/medium.jpg,,France,Provence-Alpes-Côte d'Azur,Alpes-Maritimes,Plecotus macrobullaris
https://inaturalist-open-data.s3.amazonaws.com/photos/107695693/medium.jpg,,France,Provence-Alpes-Côte d'Azur,Alpes-Maritimes,Plecotus auritus
https://inaturalist-open-data.s3.amazonaws.com/photos/107695974/medium.jpeg,,France,Provence-Alpes-Côte d'Azur,Alpes-Maritimes,Plecotus
https://inaturalist-open-data.s3.amazonaws.com/photos/107719880/medium.jpeg,,France,Languedoc-Roussillon,Gard,Myotis daubentonii
https://inaturalist-open-data.s3.amazonaws.com/photos/107721407/medium.jpeg,,France,Languedoc-Roussillon,Hérault,Myotis emarginatus
https://inaturalist-open-data.s3.amazonaws.com/photos/107721414/medium.jpeg,,France,Languedoc-Roussillon,Hérault,Myotis capaccinii
https://inaturalist-open-data.s3.amazonaws.com/photos/108006163/medium.jpeg,,France,Midi-Pyrénées,Hautes-Pyrénées,Rhinolophus
https://inaturalist-open-data.s3.amazonaws.com/photos/108006644/medium.jpeg,,France,Languedoc-Roussillon,Hérault,Plecotus austriacus
https://inaturalist-open-data.s3.amazonaws.com/photos/108210567/medium.jpeg,,France,Languedoc-Roussillon,Pyrénées-Orientales,Rhinolophus ferrumequinum
https://inaturalist-open-data.s3.amazonaws.com/photos/108374734/medium.jpeg,,France,Languedoc-Roussillon,Hérault,Myotis daubentonii
https://static.inaturalist.org/photos/108406418/medium.jpeg,,France,Bourgogne,Côte-d'Or,Rhinolophus hipposideros
https://static.inaturalist.org/photos/108406427/medium.jpeg,,France,Bourgogne,Côte-d'Or,Rhinolophus hipposideros
https://static.inaturalist.org/photos/108507592/medium.jpeg,,France,Centre,Indre-et-Loire,Eptesicus serotinus
https://inaturalist-open-data.s3.amazonaws.com/photos/108797895/medium.jpg,,France,Pays de la Loire,Maine-et-Loire,Rhinolophus ferrumequinum
https://inaturalist-open-data.s3.amazonaws.com/photos/108881464/medium.jpeg,,France,Languedoc-Roussillon,Hérault,Plecotus austriacus
https://inaturalist-open-data.s3.amazonaws.com/photos/108881612/medium.jpeg,,France,Languedoc-Roussillon,Hérault,Pipistrellus pipistrellus
https://inaturalist-open-data.s3.amazonaws.com/photos/109074704/medium.jpeg,,France,Provence-Alpes-Côte d'Azur,Var,Myotis daubentonii
https://static.inaturalist.org/photos/109375956/medium.jpeg,,France,Alsace,Bas-Rhin,Vespertilio murinus
https://static.inaturalist.org/photos/109536146/medium.jpeg,,France,Rhône-Alpes,Ardèche,Rhinolophus ferrumequinum
https://static.inaturalist.org/photos/109617622/medium.jpeg,,France,Bourgogne,Côte-d'Or,Rhinolophus ferrumequinum
https://inaturalist-open-data.s3.amazonaws.com/photos/111103869/medium.jpg,,France,Centre,Loiret,Eptesicus serotinus
https://inaturalist-open-data.s3.amazonaws.com/photos/111189640/medium.jpeg,,France,Languedoc-Roussillon,Aude,Rhinolophus hipposideros
https://inaturalist-open-data.s3.amazonaws.com/photos/111189653/medium.jpeg,,France,Languedoc-Roussillon,Aude,Rhinolophus hipposideros
https://static.inaturalist.org/photos/111704029/medium.jpeg,,France,Languedoc-Roussillon,Hérault,Rhinolophus hipposideros
https://inaturalist-open-data.s3.amazonaws.com/photos/111986566/medium.jpeg,,France,Rhône-Alpes,Loire,Plecotus austriacus
https://inaturalist-open-data.s3.amazonaws.com/photos/112335769/medium.jpeg,,France,Lorraine,Meuse,Barbastella barbastellus
https://inaturalist-open-data.s3.amazonaws.com/photos/112335788/medium.jpeg,,France,Lorraine,Meuse,Plecotus auritus
https://inaturalist-open-data.s3.amazonaws.com/photos/112335812/medium.jpeg,,France,Lorraine,Meuse,Myotis bechsteinii
https://inaturalist-open-data.s3.amazonaws.com/photos/112548334/medium.jpeg,,France,Languedoc-Roussillon,Hérault,Myotis emarginatus
https://inaturalist-open-data.s3.amazonaws.com/photos/112907130/medium.jpeg,,France,Rhône-Alpes,Loire,Myotis daubentonii
https://inaturalist-open-data.s3.amazonaws.com/photos/112933088/medium.jpeg,,France,Aquitaine,Dordogne,Rhinolophus hipposideros
https://inaturalist-open-data.s3.amazonaws.com/photos/113448606/medium.jpeg,,France,Languedoc-Roussillon,Hérault,Rhinolophus ferrumequinum
https://inaturalist-open-data.s3.amazonaws.com/photos/113463810/medium.jpeg,,France,Languedoc-Roussillon,Hérault,Miniopterus schreibersii
https://inaturalist-open-data.s3.amazonaws.com/photos/113802159/medium.jpeg,,France,Languedoc-Roussillon,Pyrénées-Orientales,Eptesicus serotinus
https://static.inaturalist.org/photos/114004258/medium.jpeg,,France,Aquitaine,Dordogne,Rhinolophus ferrumequinum
https://inaturalist-open-data.s3.amazonaws.com/photos/114080656/medium.jpeg,,France,Languedoc-Roussillon,Aude,Rhinolophus ferrumequinum
https://inaturalist-open-data.s3.amazonaws.com/photos/114184586/medium.jpeg,,France,Languedoc-Roussillon,Aude,Miniopterus schreibersii
https://inaturalist-open-data.s3.amazonaws.com/photos/114277353/medium.jpeg,,France,Languedoc-Roussillon,Hérault,Miniopterus schreibersii
https://inaturalist-open-data.s3.amazonaws.com/photos/114739827/medium.jpeg,,France,Languedoc-Roussillon,Aude,Rhinolophus ferrumequinum
https://inaturalist-open-data.s3.amazonaws.com/photos/114739851/medium.jpeg,,France,Languedoc-Roussillon,Aude,Rhinolophus ferrumequinum
https://inaturalist-open-data.s3.amazonaws.com/photos/114742242/medium.jpeg,,France,Languedoc-Roussillon,Hérault,Rhinolophus ferrumequinum
https://inaturalist-open-data.s3.amazonaws.com/photos/115403761/medium.jpeg,,France,Aquitaine,Dordogne,Rhinolophus ferrumequinum
https://inaturalist-open-data.s3.amazonaws.com/photos/115407051/medium.jpg,,France,Aquitaine,Dordogne,Rhinolophus hipposideros
https://inaturalist-open-data.s3.amazonaws.com/photos/115634663/medium.jpeg,,France,Languedoc-Roussillon,Hérault,Rhinolophus euryale
https://inaturalist-open-data.s3.amazonaws.com/photos/115634695/medium.jpeg,,France,Languedoc-Roussillon,Hérault,Miniopterus schreibersii
https://inaturalist-open-data.s3.amazonaws.com/photos/115642540/medium.jpeg,,France,Languedoc-Roussillon,Gard,Rhinolophus ferrumequinum
https://static.inaturalist.org/photos/116104625/medium.jpeg,,France,Languedoc-Roussillon,Hérault,Myotis emarginatus
https://inaturalist-open-data.s3.amazonaws.com/photos/117353404/medium.jpg,,France,Rhône-Alpes,Ain,Rhinolophus hipposideros
https://inaturalist-open-data.s3.amazonaws.com/photos/117838175/medium.jpeg,,France,Languedoc-Roussillon,Gard,Miniopterus schreibersii
https://inaturalist-open-data.s3.amazonaws.com/photos/118107929/medium.jpeg,,France,Provence-Alpes-Côte d'Azur,Vaucluse,Rhinolophus hipposideros
https://inaturalist-open-data.s3.amazonaws.com/photos/118802053/medium.jpeg,,France,Midi-Pyrénées,Ariège,Rhinolophus ferrumequinum
https://inaturalist-open-data.s3.amazonaws.com/photos/118969188/medium.jpeg,,France,Midi-Pyrénées,Ariège,Rhinolophus hipposideros
https://static.inaturalist.org/photos/119182435/medium.jpeg,,France,Corse,Haute-Corse,Rhinolophus hipposideros
https://inaturalist-open-data.s3.amazonaws.com/photos/120200395/medium.jpg,,France,Rhône-Alpes,Ain,Rhinolophus hipposideros
https://static.inaturalist.org/photos/122136414/medium.jpg,,France,Midi-Pyrénées,Gers,Eptesicus serotinus
https://static.inaturalist.org/photos/122147336/medium.jpeg,,France,Aquitaine,Pyrénées-Atlantiques,Miniopterus schreibersii
https://static.inaturalist.org/photos/122368326/medium.jpeg,,France,Aquitaine,Pyrénées-Atlantiques,Miniopterus schreibersii
https://static.inaturalist.org/photos/123792869/medium.jpeg,,France,Provence-Alpes-Côte d'Azur,Hautes-Alpes,Myotis nattereri
https://inaturalist-open-data.s3.amazonaws.com/photos/128239692/medium.jpg,,France,Lorraine,Meuse,Rhinolophus ferrumequinum
https://inaturalist-open-data.s3.amazonaws.com/photos/128304686/medium.jpg,,France,Lorraine,Meuse,Rhinolophus ferrumequinum
https://inaturalist-open-data.s3.amazonaws.com/photos/129570336/medium.jpg,,France,Lorraine,Meurthe-et-Moselle,Barbastella barbastellus
https://inaturalist-open-data.s3.amazonaws.com/photos/130928330/medium.jpeg,,France,Rhône-Alpes,Drôme,Pipistrellus pipistrellus
https://inaturalist-open-data.s3.amazonaws.com/photos/133416207/medium.jpeg,,France,Rhône-Alpes,Haute-Savoie,Rhinolophus hipposideros
https://inaturalist-open-data.s3.amazonaws.com/photos/133416886/medium.jpeg,,France,Rhône-Alpes,Haute-Savoie,Myotis mystacinus
https://static.inaturalist.org/photos/133767333/medium.jpg,,France,Provence-Alpes-Côte d'Azur,Alpes-Maritimes,Rhinolophus hipposideros
https://inaturalist-open-data.s3.amazonaws.com/photos/133985554/medium.jpeg,,France,Languedoc-Roussillon,Hérault,Myotis emarginatus
https://static.inaturalist.org/photos/134223960/medium.jpeg,,France,Rhône-Alpes,Loire,Pipistrellus
https://inaturalist-open-data.s3.amazonaws.com/photos/134562692/medium.jpg,,France,Provence-Alpes-Côte d'Azur,Alpes-Maritimes,Tadarida teniotis
https://inaturalist-open-data.s3.amazonaws.com/photos/136034815/medium.jpeg,,France,Nord-Pas-de-Calais,Pas-de-Calais,Pipistrellus
https://inaturalist-open-data.s3.amazonaws.com/photos/136849240/medium.jpeg,,France,Provence-Alpes-Côte d'Azur,Alpes-Maritimes,Eptesicus serotinus
https://inaturalist-open-data.s3.amazonaws.com/photos/136893976/medium.jpeg,,France,Pays de la Loire,Mayenne,Rhinolophus hipposideros
https://inaturalist-open-data.s3.amazonaws.com/photos/137930843/medium.jpeg,,France,Pays de la Loire,Loire-Atlantique,Barbastella barbastellus
https://static.inaturalist.org/photos/137941701/medium.jpg,,France,Provence-Alpes-Côte d'Azur,Alpes-de-Haute-Provence,Hypsugo savii
https://inaturalist-open-data.s3.amazonaws.com/photos/138429791/medium.jpeg,,France,Provence-Alpes-Côte d'Azur,Alpes-Maritimes,Pipistrellus pygmaeus
https://inaturalist-open-data.s3.amazonaws.com/photos/138430742/medium.jpeg,,France,Provence-Alpes-Côte d'Azur,Alpes-Maritimes,Myotis daubentonii
https://inaturalist-open-data.s3.amazonaws.com/photos/138430924/medium.jpeg,,France,Provence-Alpes-Côte d'Azur,Alpes-Maritimes,Pipistrellus kuhlii
https://inaturalist-open-data.s3.amazonaws.com/photos/138617451/medium.jpeg,,France,Provence-Alpes-Côte d'Azur,Bouches-du-Rhône,Pipistrellus pygmaeus
https://inaturalist-open-data.s3.amazonaws.com/photos/141972727/medium.jpeg,,France,Pays de la Loire,Loire-Atlantique,Myotis myotis
https://inaturalist-open-data.s3.amazonaws.com/photos/141975233/medium.jpeg,,France,Pays de la Loire,Loire-Atlantique,Rhinolophus ferrumequinum
https://inaturalist-open-data.s3.amazonaws.com/photos/142008868/medium.jpeg,,France,Provence-Alpes-Côte d'Azur,Var,Myotis capaccinii
https://inaturalist-open-data.s3.amazonaws.com/photos/143719369/medium.jpeg,,France,Provence-Alpes-Côte d'Azur,Hautes-Alpes,Plecotus macrobullaris
https://inaturalist-open-data.s3.amazonaws.com/photos/143721426/medium.jpeg,,France,Provence-Alpes-Côte d'Azur,Hautes-Alpes,Plecotus auritus
https://inaturalist-open-data.s3.amazonaws.com/photos/143721790/medium.jpeg,,France,Provence-Alpes-Côte d'Azur,Hautes-Alpes,Barbastella barbastellus
https://inaturalist-open-data.s3.amazonaws.com/photos/143722157/medium.jpeg,,France,Provence-Alpes-Côte d'Azur,Hautes-Alpes,Hypsugo savii
https://inaturalist-open-data.s3.amazonaws.com/photos/147260441/medium.jpeg,,France,Limousin,Corrèze,Rhinolophus ferrumequinum
https://inaturalist-open-data.s3.amazonaws.com/photos/148054232/medium.jpeg,,France,Midi-Pyrénées,Lot,Rhinolophus hipposideros
https://static.inaturalist.org/photos/148162703/medium.jpeg,,France,Provence-Alpes-Côte d'Azur,Hautes-Alpes,Plecotus austriacus
https://inaturalist-open-data.s3.amazonaws.com/photos/148284268/medium.jpg,,France,Midi-Pyrénées,Lot,Barbastella barbastellus
https://inaturalist-open-data.s3.amazonaws.com/photos/150870676/medium.jpeg,,France,Languedoc-Roussillon,Hérault,Hypsugo savii
https://inaturalist-open-data.s3.amazonaws.com/photos/151201449/medium.jpg,,France,Midi-Pyrénées,Gers,Myotis emarginatus
https://static.inaturalist.org/photos/151413870/medium.jpg,,France,Midi-Pyrénées,Aveyron,Rhinolophus hipposideros
https://static.inaturalist.org/photos/151698308/medium.jpg,,France,Languedoc-Roussillon,Hérault,Rhinolophus hipposideros
https://inaturalist-open-data.s3.amazonaws.com/photos/151967855/medium.jpeg,,France,Rhône-Alpes,Drôme,Pipistrellus kuhlii
https://static.inaturalist.org/photos/152084176/medium.jpg,,France,Languedoc-Roussillon,Hérault,Plecotus austriacus
https://static.inaturalist.org/photos/152193423/medium.jpeg,,France,Languedoc-Roussillon,Lozère,Rhinolophus hipposideros
https://inaturalist-open-data.s3.amazonaws.com/photos/152309225/medium.jpeg,,France,Alsace,Haut-Rhin,Myotis myotis
https://inaturalist-open-data.s3.amazonaws.com/photos/153078444/medium.jpeg,,France,Provence-Alpes-Côte d'Azur,Alpes-Maritimes,Rhinolophus hipposideros
https://static.inaturalist.org/photos/153627227/medium.jpg,,France,Rhône-Alpes,Rhône,Pipistrellus kuhlii
https://inaturalist-open-data.s3.amazonaws.com/photos/155081346/medium.jpeg,,France,Languedoc-Roussillon,Gard,Plecotus austriacus
https://static.inaturalist.org/photos/156237535/medium.jpeg,,France,Bretagne,Côtes-d'Armor,Myotis emarginatus
https://static.inaturalist.org/photos/155824910/medium.jpeg,,France,Rhône-Alpes,Isère,Myotis emarginatus
https://static.inaturalist.org/photos/157697392/medium.jpg,,France,Bourgogne,Saône-et-Loire,Eptesicus serotinus
https://inaturalist-open-data.s3.amazonaws.com/photos/158082170/medium.jpg,,France,Rhône-Alpes,Ardèche,Barbastella barbastellus
https://static.inaturalist.org/photos/159055905/medium.jpeg,,France,Bretagne,Ille-et-Vilaine,Myotis emarginatus
https://inaturalist-open-data.s3.amazonaws.com/photos/159078486/medium.jpeg,,France,Provence-Alpes-Côte d'Azur,Alpes-de-Haute-Provence,Barbastella barbastellus
https://inaturalist-open-data.s3.amazonaws.com/photos/159160052/medium.jpeg,,France,Provence-Alpes-Côte d'Azur,Alpes-de-Haute-Provence,Hypsugo savii
https://inaturalist-open-data.s3.amazonaws.com/photos/159921544/medium.jpeg,,France,Midi-Pyrénées,Tarn,Rhinolophus ferrumequinum
https://inaturalist-open-data.s3.amazonaws.com/photos/160739839/medium.jpg,,France,Rhône-Alpes,Drôme,Plecotus auritus
https://inaturalist-open-data.s3.amazonaws.com/photos/160820683/medium.jpg,,France,Bretagne,Côtes-d'Armor,Eptesicus serotinus
https://inaturalist-open-data.s3.amazonaws.com/photos/162509080/medium.jpeg,,France,Centre,Loiret,Myotis emarginatus
https://static.inaturalist.org/photos/163156485/medium.jpg,,France,Aquitaine,Landes,Barbastella barbastellus
https://static.inaturalist.org/photos/163156502/medium.jpg,,France,Aquitaine,Landes,Rhinolophus ferrumequinum
https://inaturalist-open-data.s3.amazonaws.com/photos/163959723/medium.jpeg,,France,Poitou-Charentes,Charente-Maritime,Myotis daubentonii
https://static.inaturalist.org/photos/165786959/medium.jpg,,France,Languedoc-Roussillon,Hérault,Hypsugo savii
https://inaturalist-open-data.s3.amazonaws.com/photos/166558086/medium.jpeg,,France,Limousin,Haute-Vienne,Rhinolophus hipposideros
https://inaturalist-open-data.s3.amazonaws.com/photos/166565284/medium.jpeg,,France,Languedoc-Roussillon,Hérault,Rhinolophus euryale
https://inaturalist-open-data.s3.amazonaws.com/photos/166565188/medium.jpeg,,France,Languedoc-Roussillon,Hérault,Rhinolophus ferrumequinum
https://inaturalist-open-data.s3.amazonaws.com/photos/166565396/medium.jpeg,,France,Languedoc-Roussillon,Hérault,Myotis nattereri
https://inaturalist-open-data.s3.amazonaws.com/photos/167322052/medium.jpg,,France,Midi-Pyrénées,Aveyron,Rhinolophus hipposideros
https://inaturalist-open-data.s3.amazonaws.com/photos/168389752/medium.jpeg,,France,Midi-Pyrénées,Aveyron,Myotis bechsteinii
https://inaturalist-open-data.s3.amazonaws.com/photos/168719992/medium.jpg,,France,Provence-Alpes-Côte d'Azur,Alpes-de-Haute-Provence,Hypsugo savii
https://static.inaturalist.org/photos/168942470/medium.jpg,,France,Languedoc-Roussillon,Hérault,Rhinolophus hipposideros
https://inaturalist-open-data.s3.amazonaws.com/photos/169872931/medium.png,,France,Languedoc-Roussillon,Gard,Myotis daubentonii
https://inaturalist-open-data.s3.amazonaws.com/photos/169873556/medium.png,,France,Languedoc-Roussillon,Gard,Pipistrellus nathusii
https://inaturalist-open-data.s3.amazonaws.com/photos/169873911/medium.png,,France,Languedoc-Roussillon,Gard,Pipistrellus pygmaeus
https://inaturalist-open-data.s3.amazonaws.com/photos/169875845/medium.png,,France,Midi-Pyrénées,Aveyron,Pipistrellus kuhlii
https://inaturalist-open-data.s3.amazonaws.com/photos/169876003/medium.png,,France,Midi-Pyrénées,Aveyron,Nyctalus leisleri
https://inaturalist-open-data.s3.amazonaws.com/photos/169876122/medium.png,,France,Midi-Pyrénées,Aveyron,Rhinolophus hipposideros
https://inaturalist-open-data.s3.amazonaws.com/photos/169985834/medium.jpg,,France,Poitou-Charentes,Charente,Barbastella barbastellus
https://inaturalist-open-data.s3.amazonaws.com/photos/170559348/medium.jpeg,,France,Languedoc-Roussillon,Hérault,Myotis emarginatus
https://inaturalist-open-data.s3.amazonaws.com/photos/170559393/medium.jpeg,,France,Languedoc-Roussillon,Hérault,Miniopterus schreibersii
https://inaturalist-open-data.s3.amazonaws.com/photos/170559394/medium.jpeg,,France,Languedoc-Roussillon,Hérault,Plecotus austriacus
https://inaturalist-open-data.s3.amazonaws.com/photos/170559407/medium.jpeg,,France,Languedoc-Roussillon,Hérault,Myotis capaccinii
https://inaturalist-open-data.s3.amazonaws.com/photos/170623989/medium.jpeg,,France,Languedoc-Roussillon,Gard,Miniopterus schreibersii
https://inaturalist-open-data.s3.amazonaws.com/photos/170627585/medium.jpeg,,France,Languedoc-Roussillon,Gard,Plecotus austriacus
https://inaturalist-open-data.s3.amazonaws.com/photos/170840652/medium.jpeg,,France,Languedoc-Roussillon,Hérault,Pipistrellus pipistrellus
https://inaturalist-open-data.s3.amazonaws.com/photos/170840952/medium.jpeg,,France,Languedoc-Roussillon,Hérault,Pipistrellus pygmaeus
https://inaturalist-open-data.s3.amazonaws.com/photos/171882598/medium.jpeg,,France,Aquitaine,Dordogne,Rhinolophus hipposideros
https://inaturalist-open-data.s3.amazonaws.com/photos/172306655/medium.png,,France,Midi-Pyrénées,Gers,Pipistrellus kuhlii
https://inaturalist-open-data.s3.amazonaws.com/photos/172308290/medium.png,https://static.inaturalist.org/sounds/337321.wav?1639423546,France,Midi-Pyrénées,Gers,Pipistrellus pipistrellus
https://inaturalist-open-data.s3.amazonaws.com/photos/172309007/medium.png,,France,Midi-Pyrénées,Gers,Rhinolophus hipposideros
https://inaturalist-open-data.s3.amazonaws.com/photos/172980532/medium.jpg,,France,Provence-Alpes-Côte d'Azur,Vaucluse,Rhinolophus hipposideros
https://inaturalist-open-data.s3.amazonaws.com/photos/173272769/medium.jpeg,,France,Pays de la Loire,Sarthe,Barbastella barbastellus
https://inaturalist-open-data.s3.amazonaws.com/photos/173272947/medium.jpeg,,France,Pays de la Loire,Sarthe,Barbastella barbastellus
https://static.inaturalist.org/photos/173977601/medium.jpg,,France,Pays de la Loire,Maine-et-Loire,Rhinolophus hipposideros
https://static.inaturalist.org/photos/173977926/medium.jpg,,France,Pays de la Loire,Maine-et-Loire,Eptesicus serotinus
https://inaturalist-open-data.s3.amazonaws.com/photos/173990163/medium.jpeg,,France,Lorraine,Vosges,Barbastella barbastellus
https://inaturalist-open-data.s3.amazonaws.com/photos/173990732/medium.jpeg,,France,Lorraine,Vosges,Myotis myotis
https://inaturalist-open-data.s3.amazonaws.com/photos/173990753/medium.jpeg,,France,Île-de-France,Seine-et-Marne,Rhinolophus ferrumequinum
https://inaturalist-open-data.s3.amazonaws.com/photos/173991570/medium.jpeg,,France,Lorraine,Vosges,Myotis nattereri
https://inaturalist-open-data.s3.amazonaws.com/photos/174138887/medium.jpeg,,France,Aquitaine,Dordogne,Rhinolophus hipposideros
https://inaturalist-open-data.s3.amazonaws.com/photos/174817014/medium.jpg,,France,Midi-Pyrénées,Gers,Rhinolophus ferrumequinum
https://inaturalist-open-data.s3.amazonaws.com/photos/174855909/medium.jpeg,,France,Île-de-France,Seine-et-Marne,Barbastella barbastellus
https://inaturalist-open-data.s3.amazonaws.com/photos/174855975/medium.jpeg,,France,Lorraine,Meurthe-et-Moselle,Rhinolophus hipposideros
https://inaturalist-open-data.s3.amazonaws.com/photos/174857681/medium.jpeg,,France,Corse,Haute-Corse,Myotis punicus
https://inaturalist-open-data.s3.amazonaws.com/photos/174967939/medium.jpeg,,France,Languedoc-Roussillon,Hérault,Plecotus austriacus
https://inaturalist-open-data.s3.amazonaws.com/photos/174979373/medium.jpeg,,France,Provence-Alpes-Côte d'Azur,Hautes-Alpes,Myotis mystacinus
https://static.inaturalist.org/photos/175376254/medium.jpg,,France,Pays de la Loire,Maine-et-Loire,Rhinolophus ferrumequinum
https://static.inaturalist.org/photos/175376293/medium.jpg,,France,Pays de la Loire,Maine-et-Loire,Rhinolophus hipposideros
https://inaturalist-open-data.s3.amazonaws.com/photos/175396932/medium.jpeg,,France,Languedoc-Roussillon,Hérault,Rhinolophus hipposideros
https://inaturalist-open-data.s3.amazonaws.com/photos/175397134/medium.jpeg,,France,Languedoc-Roussillon,Hérault,Rhinolophus ferrumequinum
https://inaturalist-open-data.s3.amazonaws.com/photos/176012828/medium.jpg,,France,Languedoc-Roussillon,Hérault,Rhinolophus ferrumequinum
https://inaturalist-open-data.s3.amazonaws.com/photos/176259796/medium.jpeg,,France,Rhône-Alpes,Ardèche,Rhinolophus hipposideros
https://inaturalist-open-data.s3.amazonaws.com/photos/176260122/medium.jpeg,,France,Rhône-Alpes,Ardèche,Rhinolophus ferrumequinum
https://inaturalist-open-data.s3.amazonaws.com/photos/176260608/medium.jpeg,,France,Rhône-Alpes,Ardèche,Rhinolophus ferrumequinum
https://inaturalist-open-data.s3.amazonaws.com/photos/176791291/medium.jpeg,,France,Languedoc-Roussillon,Hérault,Rhinolophus ferrumequinum
https://inaturalist-open-data.s3.amazonaws.com/photos/176791317/medium.jpeg,,France,Languedoc-Roussillon,Hérault,Rhinolophus euryale
https://static.inaturalist.org/photos/176926800/medium.jpg,,France,Languedoc-Roussillon,Hérault,Rhinolophus hipposideros
https://inaturalist-open-data.s3.amazonaws.com/photos/177082165/medium.jpeg,,France,Provence-Alpes-Côte d'Azur,Vaucluse,Myotis emarginatus
https://static.inaturalist.org/photos/177730053/medium.jpg,,France,Provence-Alpes-Côte d'Azur,Var,Hypsugo savii
https://inaturalist-open-data.s3.amazonaws.com/photos/177842739/medium.jpeg,,France,Languedoc-Roussillon,Gard,Miniopterus schreibersii
https://static.inaturalist.org/photos/178362980/medium.jpeg,,France,Bretagne,Ille-et-Vilaine,Rhinolophus ferrumequinum
